[
  {
    "title": "Webpack2学习总结",
    "pubtime": "2017年5月27日",
    "path": "/blog/webpack-learning.html",
    "abstract": "Webpack是前端的一个打包工具，通过打包将各个模块间复杂的依赖变得简单化，打包过后往往只有一个文件，博客中总结了Webpack一些常用的插件以及loader..."
  },
  {
    "title": "You are in your time zone",
    "pubtime": "2017年5月20日",
    "path": "/blog/you-are-in-your-time-zone.html",
    "abstract": "YouTube上面看到的一个视频觉得比较有意思，于是乎打算把里面的文字都摘抄了出来..."
  },
  {
    "title": "几道有趣的面试题（非编程）",
    "pubtime": "2017年5月18日",
    "path": "/blog/interesting-interview-questions.html",
    "abstract":"无意之中看到了几篇关于面试的题，这些题不是编程题，倒像一些脑筋急转弯，用来考察逻辑思维的，整理了一些写在这篇博客中..."
  },
  {
    "title": "JavaScript中将小数转换为整数的一些方法",
    "pubtime": "2017年5月15日",
    "path": "/blog/convert-decimal-to-integer.html",
    "abstract": "在写JavaScript脚本时，经常会需要取小数的整数部分进行进一步的处理，本文给出了一些比较简单的方法，并且会在今后的实践中慢慢更新更多的方法..."
  },
  {
    "title": "关于setTimeout中this绑定的问题",
    "pubtime": "2017年4月24日",
    "path": "/blog/settimeout-this-binding.html",
    "abstract": "这篇博客主要是研究了一下在setTimeout()中的this绑定出现的一些问题，并给出了一些我自己的解决方案..."
  },
  {
    "title": "Mac设置alias重启terminal失效的解决方案",
    "pubtime": "2017年4月21日",
    "path": "/blog/mac-terminal-alias.html",
    "abstract": "当我们在命令行需要经常输入一些较长的或者常用的命令时，可以通过alias设置别名这样可以避免频繁键入复杂命令..."
  },
  {
    "title": "瀑布流布局",
    "pubtime": "2017年4月17日",
    "path": "/blog/waterfall.html",
    "abstract": "瀑布流布局是电商网站中比较常见的一种布局，这一类布局有一个特点就是每一个小盒子的宽度相同而高度则根据盒子里的内容而定，当鼠标滑到底部的时候会自动加载新的内容..."
  },
  {
    "title": "jQuery实现焦点图轮播",
    "pubtime": "2017年4月12日",
    "path": "/blog/focus-picture.html",
    "abstract": "在许多电商网站或者门户网站首页，都会有焦点图，并且能够在一定时间进行自动切换，大家比较熟悉的就是京东和淘宝,所以便想到来亲自实现一下这种效果..."
  },
  {
    "title": "网页番茄钟APP(Pomodoro timer)",
    "pubtime": "2017年4月3日",
    "path": "/blog/pomodoro.html",
    "abstract": "用JavaScript和jQuery实现一个番茄钟的效果，工作和休息时间到了过后会自动切换另外一种模式继续计时，在计时途中点击会暂停计时..."
  },
  {
    "title": "jQuery实现弹幕效果",
    "pubtime": "2017年3月31日",
    "path": "/blog/danmu.html",
    "abstract": "一个网页的弹幕效果实现是一个比较容易的动画效果，可以通过jQuery的animate()方法来实现，同时让弹幕出现的位置和颜色都随机产生..."
  },
  {
    "title": "Photoshop学习总结",
    "pubtime": "2017年3月14日",
    "path": "/blog/photoshop-learning-summary.html",
    "abstract": "作为一个前端开发工程师，有些时候网页需要添加一些图片，这些图片的格式不太对，但是拿给设计师改有显得有些大材小用，故自己掌握一些简单的Photoshop技巧也是对自己很有帮助的..."
  }
]
